PENANGGUNG JAWAB PEMBUATAN INFORMASI;id_org;kelompok;jenis informasi;judul;id_kel;tipe file;src;;
diskominfo;18915;utama;berkala;Kedudukan, Domisili beserta Alamat Lengkap dan kontak Kantor Pemerintahan Kabupaten Belitung Timur;1;link;http://ppid.beltim.go.id;#REF!;"INSERT INTO public_informations (opd_name, id_org, kelompok, category, title, id_kel, file_type, link_url, is_active) VALUES ('diskominfo', '18915', 'utama', 'berkala', 'Kedudukan, Domisili beserta Alamat Lengkap dan kontak Kantor Pemerintahan Kabupaten Belitung Timur', '1', 'link', 'http://ppid.beltim.go.id', 1);"
diskominfo;18915;utama;berkala;Kedudukan, Domisili beserta Alamat Lengkap Pemerintah Kabupaten Belitung Timur;1;link;http://ppid.beltim.go.id;#REF!;"INSERT INTO public_informations (opd_name, id_org, kelompok, category, title, id_kel, file_type, link_url, is_active) VALUES ('diskominfo', '18915', 'utama', 'berkala', 'Kedudukan, Domisili beserta Alamat Lengkap Pemerintah Kabupaten Belitung Timur', '1', 'link', 'http://ppid.beltim.go.id', 1);"
diskominfo;18915;utama;berkala;Bagan Organisasi PPID Kabupaten Belitung Timur;1;link;http://ppid.beltim.go.id;#REF!;"INSERT INTO public_informations (opd_name, id_org, kelompok, category, title, id_kel, file_type, link_url, is_active) VALUES ('diskominfo', '18915', 'utama', 'berkala', 'Bagan Organisasi PPID Kabupaten Belitung Timur', '1', 'link', 'http://ppid.beltim.go.id', 1);"
Bag. Organisasi;45235;utama;berkala;Bagan Struktur Organisasi Pemerintah Kabupaten Belitung Timur;1;link;https://bit.ly/perdaperbupsotk;#REF!;"INSERT INTO public_informations (opd_name, id_org, kelompok, category, title, id_kel, file_type, link_url, is_active) VALUES ('Bag. Organisasi', '45235', 'utama', 'berkala', 'Bagan Struktur Organisasi Pemerintah Kabupaten Belitung Timur', '1', 'link', 'https://bit.ly/perdaperbupsotk', 1);"
bkpsdm;18915;utama;berkala;Daftar Pegawai Pemerintah Kabupaten Belitung Timur;1;;;#REF!;"INSERT INTO public_informations (opd_name, id_org, kelompok, category, title, id_kel, file_type, link_url, is_active) VALUES ('bkpsdm', '18915', 'utama', 'berkala', 'Daftar Pegawai Pemerintah Kabupaten Belitung Timur', '1', '', '', 1);"
diskominfo;18915;utama;berkala;Geografis Dan Sejarah Kabupaten Belitung Timur;1;link;https://portal.beltim.go.id/gambaran-umum/;#REF!;"INSERT INTO public_informations (opd_name, id_org, kelompok, category, title, id_kel, file_type, link_url, is_active) VALUES ('diskominfo', '18915', 'utama', 'berkala', 'Geografis Dan Sejarah Kabupaten Belitung Timur', '1', 'link', 'https://portal.beltim.go.id/gambaran-umum/', 1);"
Inspektorat;312101;utama;berkala;Laporan Harta Kekayaan Kabupaten Belitung Timur;1;link;https://elhkpn.kpk.go.id/portal/user/login#modal-notice-two;#REF!;"INSERT INTO public_informations (opd_name, id_org, kelompok, category, title, id_kel, file_type, link_url, is_active) VALUES ('Inspektorat', '312101', 'utama', 'berkala', 'Laporan Harta Kekayaan Kabupaten Belitung Timur', '1', 'link', 'https://elhkpn.kpk.go.id/portal/user/login#modal-notice-two', 1);"
diskominfo;18915;utama;berkala;Profil Bupati dan Wakil Bupati Kabupaten Belitung Timur;1;link;http://ppid.beltim.go.id/profil-kepala-daerah/;#REF!;"INSERT INTO public_informations (opd_name, id_org, kelompok, category, title, id_kel, file_type, link_url, is_active) VALUES ('diskominfo', '18915', 'utama', 'berkala', 'Profil Bupati dan Wakil Bupati Kabupaten Belitung Timur', '1', 'link', 'http://ppid.beltim.go.id/profil-kepala-daerah/', 1);"
diskominfo;18915;utama;berkala;Selayang Pandang Kabupaten Belitung Timur;1;link;https://ppid.beltim.go.id/profil-kepala-daerah/;#REF!;"INSERT INTO public_informations (opd_name, id_org, kelompok, category, title, id_kel, file_type, link_url, is_active) VALUES ('diskominfo', '18915', 'utama', 'berkala', 'Selayang Pandang Kabupaten Belitung Timur', '1', 'link', 'https://ppid.beltim.go.id/profil-kepala-daerah/', 1);"
diskominfo;18915;utama;berkala;Visi Dan Misi Kabupaten Belitung Timur;1;link;https://portal.beltim.go.id/visi-misi/;#REF!;"INSERT INTO public_informations (opd_name, id_org, kelompok, category, title, id_kel, file_type, link_url, is_active) VALUES ('diskominfo', '18915', 'utama', 'berkala', 'Visi Dan Misi Kabupaten Belitung Timur', '1', 'link', 'https://portal.beltim.go.id/visi-misi/', 1);"
bappelitbangda;511211;utama;berkala;Nama Program dan Kegiatan;2;link;https://bit.ly/programkeg;#REF!;"INSERT INTO public_informations (opd_name, id_org, kelompok, category, title, id_kel, file_type, link_url, is_active) VALUES ('bappelitbangda', '511211', 'utama', 'berkala', 'Nama Program dan Kegiatan', '2', 'link', 'https://bit.ly/programkeg', 1);"
bappelitbangda;511211;utama;berkala;Penanggungjawab, pelaksana Program dan Kegiatan Serta Nomor Telepon, Alamat yang Dapat di Hubungi;2;link;https://bit.ly/programkeg;#REF!;"INSERT INTO public_informations (opd_name, id_org, kelompok, category, title, id_kel, file_type, link_url, is_active) VALUES ('bappelitbangda', '511211', 'utama', 'berkala', 'Penanggungjawab, pelaksana Program dan Kegiatan Serta Nomor Telepon, Alamat yang Dapat di Hubungi', '2', 'link', 'https://bit.ly/programkeg', 1);"
bappelitbangda;511211;utama;berkala;Target/Capaian Program dan Kegiatan;2;link;https://bit.ly/programkeg;#REF!;"INSERT INTO public_informations (opd_name, id_org, kelompok, category, title, id_kel, file_type, link_url, is_active) VALUES ('bappelitbangda', '511211', 'utama', 'berkala', 'Target/Capaian Program dan Kegiatan', '2', 'link', 'https://bit.ly/programkeg', 1);"
bappelitbangda;511211;utama;berkala;Jadwal Pelaksanaan Program dan Kegiatan;2;link;https://bit.ly/programkeg;#REF!;"INSERT INTO public_informations (opd_name, id_org, kelompok, category, title, id_kel, file_type, link_url, is_active) VALUES ('bappelitbangda', '511211', 'utama', 'berkala', 'Jadwal Pelaksanaan Program dan Kegiatan', '2', 'link', 'https://bit.ly/programkeg', 1);"
bappelitbangda;511211;utama;berkala;Anggaran Program dan Kegiatan yang meliputi sumber dan jumlah;2;link;https://bit.ly/programkeg;#REF!;"INSERT INTO public_informations (opd_name, id_org, kelompok, category, title, id_kel, file_type, link_url, is_active) VALUES ('bappelitbangda', '511211', 'utama', 'berkala', 'Anggaran Program dan Kegiatan yang meliputi sumber dan jumlah', '2', 'link', 'https://bit.ly/programkeg', 1);"
diskominfo;18915;utama;berkala;Agenda Penting Terkait Pelaksanaan Tugas Badan Publik;2;link;https://portal.beltim.go.id/events;#REF!;"INSERT INTO public_informations (opd_name, id_org, kelompok, category, title, id_kel, file_type, link_url, is_active) VALUES ('diskominfo', '18915', 'utama', 'berkala', 'Agenda Penting Terkait Pelaksanaan Tugas Badan Publik', '2', 'link', 'https://portal.beltim.go.id/events', 1);"
Dinsospemdes ;#REF!;utama;berkala;Informasi Khusus Lainnya yang berkaitan langsung dengan Hak-Hak Masyarakat (Bantuan Sosial dan Sejenisnya);2;link;https://portal.beltim.go.id/dinsos/;#REF!;#REF!
bkpsdm;18915;utama;berkala;Informasi tentang Penerimaan Calon Pegawai/Pejabat Pemerintah Kabupaten Belitung Timur;2;link;https://bkpsdm.belitungtimurkab.go.id/;#REF!;"INSERT INTO public_informations (opd_name, id_org, kelompok, category, title, id_kel, file_type, link_url, is_active) VALUES ('bkpsdm', '18915', 'utama', 'berkala', 'Informasi tentang Penerimaan Calon Pegawai/Pejabat Pemerintah Kabupaten Belitung Timur', '2', 'link', 'https://bkpsdm.belitungtimurkab.go.id/', 1);"
bkpsdm;18915;utama;berkala;Informasi tentang Penerimaan Calon Peserta didik Pada Badan Publik yang Menyelenggarakan Kegiatan Pendidikan untuk Umum ;2;link;https://bkpsdm.belitungtimurkab.go.id/;#REF!;"INSERT INTO public_informations (opd_name, id_org, kelompok, category, title, id_kel, file_type, link_url, is_active) VALUES ('bkpsdm', '18915', 'utama', 'berkala', 'Informasi tentang Penerimaan Calon Peserta didik Pada Badan Publik yang Menyelenggarakan Kegiatan Pendidikan untuk Umum ', '2', 'link', 'https://bkpsdm.belitungtimurkab.go.id/', 1);"
bkpsdm;18915;utama;berkala;Rencana Kerja Pemerintah Daerah Kabupaten Belitung Timur;2;link;https://bit.ly/PUBLIKASIRENBANG;#REF!;"INSERT INTO public_informations (opd_name, id_org, kelompok, category, title, id_kel, file_type, link_url, is_active) VALUES ('bkpsdm', '18915', 'utama', 'berkala', 'Rencana Kerja Pemerintah Daerah Kabupaten Belitung Timur', '2', 'link', 'https://bit.ly/PUBLIKASIRENBANG', 1);"
bappelitbangda;511211;utama;berkala;Ringkasan Informasi Mengenai Kinerja Berupa Narasi Tentang Realisasi Kegiatan yang Telah Maupun Sedang di Jalankan Berserta Capaiannya;3;link;https://drive.google.com/drive/u/0/folders/1KX4xiTTbl7fT2C-61uTJk70UuOb0w9ZM;#REF!;"INSERT INTO public_informations (opd_name, id_org, kelompok, category, title, id_kel, file_type, link_url, is_active) VALUES ('bappelitbangda', '511211', 'utama', 'berkala', 'Ringkasan Informasi Mengenai Kinerja Berupa Narasi Tentang Realisasi Kegiatan yang Telah Maupun Sedang di Jalankan Berserta Capaiannya', '3', 'link', 'https://drive.google.com/drive/u/0/folders/1KX4xiTTbl7fT2C-61uTJk70UuOb0w9ZM', 1);"
bakueda;112106;utama;berkala;Perda APBD beserta lampiran APBD dan perubahannya;4;link;https://portal.beltim.go.id/trawang/index.php?id=13&anggaran=Perubahan%20APBD%202021&result=1;#REF!;"INSERT INTO public_informations (opd_name, id_org, kelompok, category, title, id_kel, file_type, link_url, is_active) VALUES ('bakueda', '112106', 'utama', 'berkala', 'Perda APBD beserta lampiran APBD dan perubahannya', '4', 'link', 'https://portal.beltim.go.id/trawang/index.php?id=13&anggaran=Perubahan%20APBD%202021&result=1', 1);"
bakueda;112106;utama;berkala;Peraturan Bupati tentang Penjabaran Anggaran Pendapatan dan Belanja Daerah;4;link;https://jdih.belitungtimurkab.go.id/produk-hukum;#REF!;"INSERT INTO public_informations (opd_name, id_org, kelompok, category, title, id_kel, file_type, link_url, is_active) VALUES ('bakueda', '112106', 'utama', 'berkala', 'Peraturan Bupati tentang Penjabaran Anggaran Pendapatan dan Belanja Daerah', '4', 'link', 'https://jdih.belitungtimurkab.go.id/produk-hukum', 1);"
bakueda;112106;utama;berkala;Kebijakan Umum APBD Kab. Belitung Timur;4;link;https://portal.beltim.go.id/trawang/viewDocument.php?file=Lampiran_APBD%202022_Tahap%204.pdf;#REF!;"INSERT INTO public_informations (opd_name, id_org, kelompok, category, title, id_kel, file_type, link_url, is_active) VALUES ('bakueda', '112106', 'utama', 'berkala', 'Kebijakan Umum APBD Kab. Belitung Timur', '4', 'link', 'https://portal.beltim.go.id/trawang/viewDocument.php?file=Lampiran_APBD%202022_Tahap%204.pdf', 1);"
bakueda;112106;utama;berkala;Prioritas dan Plafon Anggaran Sementara APBD Kab. Beltim;4;link;https://portal.beltim.go.id/trawang/viewDocument.php?file=Lampiran_APBD%202022_Tahap%204.pdf;#REF!;"INSERT INTO public_informations (opd_name, id_org, kelompok, category, title, id_kel, file_type, link_url, is_active) VALUES ('bakueda', '112106', 'utama', 'berkala', 'Prioritas dan Plafon Anggaran Sementara APBD Kab. Beltim', '4', 'link', 'https://portal.beltim.go.id/trawang/viewDocument.php?file=Lampiran_APBD%202022_Tahap%204.pdf', 1);"
bakueda;112106;utama;berkala;APBD Pemerintah Kab. Belitung Timur;4;link;https://portal.beltim.go.id/trawang/viewDocument.php?file=Lampiran_APBD%202022_Tahap%204.pdf;#REF!;"INSERT INTO public_informations (opd_name, id_org, kelompok, category, title, id_kel, file_type, link_url, is_active) VALUES ('bakueda', '112106', 'utama', 'berkala', 'APBD Pemerintah Kab. Belitung Timur', '4', 'link', 'https://portal.beltim.go.id/trawang/viewDocument.php?file=Lampiran_APBD%202022_Tahap%204.pdf', 1);"
bappelitbangda;511211;utama;berkala;Rencana Kerja Pemerintah Daerah (RKPD) ;4;link;https://portal.beltim.go.id/trawang/viewDocument.php?file=Lampiran_APBD%202022_Tahap%204.pdf;#REF!;"INSERT INTO public_informations (opd_name, id_org, kelompok, category, title, id_kel, file_type, link_url, is_active) VALUES ('bappelitbangda', '511211', 'utama', 'berkala', 'Rencana Kerja Pemerintah Daerah (RKPD) ', '4', 'link', 'https://portal.beltim.go.id/trawang/viewDocument.php?file=Lampiran_APBD%202022_Tahap%204.pdf', 1);"
bakueda;112106;utama;berkala;Laporan Pertanggungjawaban Keuangan Daerah (LKPD);4;link;https://bappelitbangdabeltim.eplanning7.com/edoc/laporan-keterangan-pertanggungjawaban-lkpj/;#REF!;"INSERT INTO public_informations (opd_name, id_org, kelompok, category, title, id_kel, file_type, link_url, is_active) VALUES ('bakueda', '112106', 'utama', 'berkala', 'Laporan Pertanggungjawaban Keuangan Daerah (LKPD)', '4', 'link', 'https://bappelitbangdabeltim.eplanning7.com/edoc/laporan-keterangan-pertanggungjawaban-lkpj/', 1);"
bakueda;112106;utama;berkala;Opini BPK RI atas LKPD;4;link;https://bappelitbangdabeltim.eplanning7.com/edoc/laporan-keuangan-pemerintah-daerah-lkpd/;#REF!;"INSERT INTO public_informations (opd_name, id_org, kelompok, category, title, id_kel, file_type, link_url, is_active) VALUES ('bakueda', '112106', 'utama', 'berkala', 'Opini BPK RI atas LKPD', '4', 'link', 'https://bappelitbangdabeltim.eplanning7.com/edoc/laporan-keuangan-pemerintah-daerah-lkpd/', 1);"
bakueda dan Masing-masing OPD;#REF!;utama;berkala;Ringkasan Rencana Kerja dan Anggaran (RKA SKPD);4;link;https://portal.beltim.go.id/trawang/viewDocument.php?file=Lampiran_APBD%202022_Tahap%204.pdf;#REF!;#REF!
bakueda dan Masing-masing OPD;#REF!;utama;berkala;Ringkasan Dokumen Pelaksanaan Anggaran (DPA SKPD);4;link;https://portal.beltim.go.id/trawang/viewDocument.php?file=Lampiran_APBD%202022_Tahap%204.pdf;#REF!;#REF!
diskominfo;18915;utama;berkala;Jumlah Permintaan Informasi Publik yang diterima;5;link;;#REF!;"INSERT INTO public_informations (opd_name, id_org, kelompok, category, title, id_kel, file_type, link_url, is_active) VALUES ('diskominfo', '18915', 'utama', 'berkala', 'Jumlah Permintaan Informasi Publik yang diterima', '5', 'link', '', 1);"
diskominfo;18915;utama;berkala;Waktu yang Diperlukan dalam memenuhi setiap permintaan Informasi Publik;5;link;https://ppid.beltim.go.id/waktu-biaya-layanan/;#REF!;"INSERT INTO public_informations (opd_name, id_org, kelompok, category, title, id_kel, file_type, link_url, is_active) VALUES ('diskominfo', '18915', 'utama', 'berkala', 'Waktu yang Diperlukan dalam memenuhi setiap permintaan Informasi Publik', '5', 'link', 'https://ppid.beltim.go.id/waktu-biaya-layanan/', 1);"
diskominfo;18915;utama;berkala;Jumlah permintaan informasi publik yang dikabulkan baik sebagaian atau seluruhnya dan permintaan;5;;;#REF!;"INSERT INTO public_informations (opd_name, id_org, kelompok, category, title, id_kel, file_type, link_url, is_active) VALUES ('diskominfo', '18915', 'utama', 'berkala', 'Jumlah permintaan informasi publik yang dikabulkan baik sebagaian atau seluruhnya dan permintaan', '5', '', '', 1);"
diskominfo;18915;utama;berkala;Alasan penolakan Pemintaan Informasi Publik;5;;;#REF!;"INSERT INTO public_informations (opd_name, id_org, kelompok, category, title, id_kel, file_type, link_url, is_active) VALUES ('diskominfo', '18915', 'utama', 'berkala', 'Alasan penolakan Pemintaan Informasi Publik', '5', '', '', 1);"
Bag. Hukum;#REF!;utama;berkala;Daftar Rancangan dan tahap pembentukan peraturan perundang-undangan, keputusan, dan/atau kebijakan yang sedang dalam proses pembuatan;6;link;https://jdih.belitungtimurkab.go.id/produk-hukum;#REF!;#REF!
Bag. Hukum;#REF!;utama;berkala;Daftar Peraturan Perundang-undangan, keputusan, dan/atau kebijakan yang telah disahkan atau ;6;link;https://jdih.belitungtimurkab.go.id/produk-hukum;#REF!;#REF!
diskominfo;18915;utama;berkala;Kontak PPID Belitung Timur;7;link;https://ppid.beltim.go.id;#REF!;"INSERT INTO public_informations (opd_name, id_org, kelompok, category, title, id_kel, file_type, link_url, is_active) VALUES ('diskominfo', '18915', 'utama', 'berkala', 'Kontak PPID Belitung Timur', '7', 'link', 'https://ppid.beltim.go.id', 1);"
diskominfo;18915;utama;berkala;Standar Biaya Memperoleh Informasi Publik;7;link;https://ppid.beltim.go.id/waktu-biaya-layanan/;#REF!;"INSERT INTO public_informations (opd_name, id_org, kelompok, category, title, id_kel, file_type, link_url, is_active) VALUES ('diskominfo', '18915', 'utama', 'berkala', 'Standar Biaya Memperoleh Informasi Publik', '7', 'link', 'https://ppid.beltim.go.id/waktu-biaya-layanan/', 1);"
diskominfo;18915;utama;berkala;Tata Cara Memperoleh Informasi;7;link;https://ppid.beltim.go.id/tata-cara-permohonan-informasi/;#REF!;"INSERT INTO public_informations (opd_name, id_org, kelompok, category, title, id_kel, file_type, link_url, is_active) VALUES ('diskominfo', '18915', 'utama', 'berkala', 'Tata Cara Memperoleh Informasi', '7', 'link', 'https://ppid.beltim.go.id/tata-cara-permohonan-informasi/', 1);"
diskominfo;18915;utama;berkala;Tata Cara Pengajuan Keberatan;7;link;https://ppid.beltim.go.id/penyelesaian-sengketa/;#REF!;"INSERT INTO public_informations (opd_name, id_org, kelompok, category, title, id_kel, file_type, link_url, is_active) VALUES ('diskominfo', '18915', 'utama', 'berkala', 'Tata Cara Pengajuan Keberatan', '7', 'link', 'https://ppid.beltim.go.id/penyelesaian-sengketa/', 1);"
diskominfo;18915;utama;berkala;Tata Cara Pengajuan Sengketa Informasi;7;link;https://ppid.beltim.go.id/penyelesaian-sengketa/;#REF!;"INSERT INTO public_informations (opd_name, id_org, kelompok, category, title, id_kel, file_type, link_url, is_active) VALUES ('diskominfo', '18915', 'utama', 'berkala', 'Tata Cara Pengajuan Sengketa Informasi', '7', 'link', 'https://ppid.beltim.go.id/penyelesaian-sengketa/', 1);"
diskominfo;18915;utama;berkala;Layanan Aspirasi Dan Pengaduan Online Warga Belitung Timur;8;link;https://www.lapor.go.id/;#REF!;"INSERT INTO public_informations (opd_name, id_org, kelompok, category, title, id_kel, file_type, link_url, is_active) VALUES ('diskominfo', '18915', 'utama', 'berkala', 'Layanan Aspirasi Dan Pengaduan Online Warga Belitung Timur', '8', 'link', 'https://www.lapor.go.id/', 1);"
Inspektorat;312101;utama;berkala;Tata Cara Pengaduan Penyalahgunaan Wewenang Atau Pelanggaran Oleh Pihak Yang Mendapat Izin/Perjanjian Kerja dari Badan Publik Yang Bersangkutan;9;link;https://www.lapor.go.id/;#REF!;"INSERT INTO public_informations (opd_name, id_org, kelompok, category, title, id_kel, file_type, link_url, is_active) VALUES ('Inspektorat', '312101', 'utama', 'berkala', 'Tata Cara Pengaduan Penyalahgunaan Wewenang Atau Pelanggaran Oleh Pihak Yang Mendapat Izin/Perjanjian Kerja dari Badan Publik Yang Bersangkutan', '9', 'link', 'https://www.lapor.go.id/', 1);"
Bag. Pengadaan Barang dan Jasa;77654;utama;berkala;Pengadaan Barang Jasa;10;link;https://lpse.belitungtimurkab.go.id/eproc4;#REF!;"INSERT INTO public_informations (opd_name, id_org, kelompok, category, title, id_kel, file_type, link_url, is_active) VALUES ('Bag. Pengadaan Barang dan Jasa', '77654', 'utama', 'berkala', 'Pengadaan Barang Jasa', '10', 'link', 'https://lpse.belitungtimurkab.go.id/eproc4', 1);"
bpbd;11745;utama;berkala;Pengamatan Gejala Bencana ;11;link;https://bpbd.beltim.go.id/;#REF!;"INSERT INTO public_informations (opd_name, id_org, kelompok, category, title, id_kel, file_type, link_url, is_active) VALUES ('bpbd', '11745', 'utama', 'berkala', 'Pengamatan Gejala Bencana ', '11', 'link', 'https://bpbd.beltim.go.id/', 1);"
bpbd;11745;utama;berkala;Analisis Hasil Pengamatan Gejala Bencana;11;link;https://bpbd.beltim.go.id/;#REF!;"INSERT INTO public_informations (opd_name, id_org, kelompok, category, title, id_kel, file_type, link_url, is_active) VALUES ('bpbd', '11745', 'utama', 'berkala', 'Analisis Hasil Pengamatan Gejala Bencana', '11', 'link', 'https://bpbd.beltim.go.id/', 1);"
bpbd;11745;utama;berkala;Pengambilan Keputusan oleh pihak yang berwenang;11;link;https://bpbd.beltim.go.id/;#REF!;"INSERT INTO public_informations (opd_name, id_org, kelompok, category, title, id_kel, file_type, link_url, is_active) VALUES ('bpbd', '11745', 'utama', 'berkala', 'Pengambilan Keputusan oleh pihak yang berwenang', '11', 'link', 'https://bpbd.beltim.go.id/', 1);"
bpbd;11745;utama;berkala;peringatan bencana;11;link;https://bpbd.beltim.go.id/;#REF!;"INSERT INTO public_informations (opd_name, id_org, kelompok, category, title, id_kel, file_type, link_url, is_active) VALUES ('bpbd', '11745', 'utama', 'berkala', 'peringatan bencana', '11', 'link', 'https://bpbd.beltim.go.id/', 1);"
bpbd;11745;utama;berkala;Pengambilan Tindakan Oleh masyarakat;11;link;https://bpbd.beltim.go.id/;#REF!;"INSERT INTO public_informations (opd_name, id_org, kelompok, category, title, id_kel, file_type, link_url, is_active) VALUES ('bpbd', '11745', 'utama', 'berkala', 'Pengambilan Tindakan Oleh masyarakat', '11', 'link', 'https://bpbd.beltim.go.id/', 1);"
bpbd;11745;utama;berkala;Lokasi Evakuasi;11;link;https://bpbd.beltim.go.id/;#REF!;"INSERT INTO public_informations (opd_name, id_org, kelompok, category, title, id_kel, file_type, link_url, is_active) VALUES ('bpbd', '11745', 'utama', 'berkala', 'Lokasi Evakuasi', '11', 'link', 'https://bpbd.beltim.go.id/', 1);"
bpbd;11745;utama;berkala;Pelaksanaan Penyelamatan dan Evakuasi;11;link;https://bpbd.beltim.go.id/;#REF!;"INSERT INTO public_informations (opd_name, id_org, kelompok, category, title, id_kel, file_type, link_url, is_active) VALUES ('bpbd', '11745', 'utama', 'berkala', 'Pelaksanaan Penyelamatan dan Evakuasi', '11', 'link', 'https://bpbd.beltim.go.id/', 1);"
Disknakerkop;12428;utama;berkala;Informasi Tentang Ketenagakerjaan;12;link;https://portal.beltim.go.id/dtkkukmen/;#REF!;"INSERT INTO public_informations (opd_name, id_org, kelompok, category, title, id_kel, file_type, link_url, is_active) VALUES ('Disknakerkop', '12428', 'utama', 'berkala', 'Informasi Tentang Ketenagakerjaan', '12', 'link', 'https://portal.beltim.go.id/dtkkukmen/', 1);"
Masing-masing opd;#REF!;utama;berkala;Kalender Kegiatan Pemerintah Kabupaten Belitung Timur;12;link;https://portal.beltim.go.id/events/;#REF!;#REF!
dinkes;13895;utama;serta merta;Data Kasus COVID-19 Kabupaten Belitung Timur;20;link;https://covid19.beltim.go.id/;#REF!;"INSERT INTO public_informations (opd_name, id_org, kelompok, category, title, id_kel, file_type, link_url, is_active) VALUES ('dinkes', '13895', 'utama', 'serta merta', 'Data Kasus COVID-19 Kabupaten Belitung Timur', '20', 'link', 'https://covid19.beltim.go.id/', 1);"
dinkes;13895;utama;serta merta;Data Vaksinasi COVID-19 Kabupaten Belitung Timur;20;link;https://covid19.beltim.go.id/;#REF!;"INSERT INTO public_informations (opd_name, id_org, kelompok, category, title, id_kel, file_type, link_url, is_active) VALUES ('dinkes', '13895', 'utama', 'serta merta', 'Data Vaksinasi COVID-19 Kabupaten Belitung Timur', '20', 'link', 'https://covid19.beltim.go.id/', 1);"
dinkes;13895;utama;serta merta;Informasi COVID-19 Kabupaten Belitung Timur;20;link;https://covid19.beltim.go.id/;#REF!;"INSERT INTO public_informations (opd_name, id_org, kelompok, category, title, id_kel, file_type, link_url, is_active) VALUES ('dinkes', '13895', 'utama', 'serta merta', 'Informasi COVID-19 Kabupaten Belitung Timur', '20', 'link', 'https://covid19.beltim.go.id/', 1);"
dinkes;13895;utama;serta merta;Informasi Layanan Kesehatan COVID-19 Kabupaten Belitung Timur;20;link;https://covid19.beltim.go.id/;#REF!;"INSERT INTO public_informations (opd_name, id_org, kelompok, category, title, id_kel, file_type, link_url, is_active) VALUES ('dinkes', '13895', 'utama', 'serta merta', 'Informasi Layanan Kesehatan COVID-19 Kabupaten Belitung Timur', '20', 'link', 'https://covid19.beltim.go.id/', 1);"
dinkes;13895;utama;serta merta;Kebijakan Badan Publik Dalam Penanganan Pandemi;20;link;https://covid19.beltim.go.id/;#REF!;"INSERT INTO public_informations (opd_name, id_org, kelompok, category, title, id_kel, file_type, link_url, is_active) VALUES ('dinkes', '13895', 'utama', 'serta merta', 'Kebijakan Badan Publik Dalam Penanganan Pandemi', '20', 'link', 'https://covid19.beltim.go.id/', 1);"
dinkes;13895;utama;serta merta;Ketersediaan Kamar Rumah Sakit Untuk Pasien Covid-19 di Belitung Timur;20;link;https://covid19.beltim.go.id/;#REF!;"INSERT INTO public_informations (opd_name, id_org, kelompok, category, title, id_kel, file_type, link_url, is_active) VALUES ('dinkes', '13895', 'utama', 'serta merta', 'Ketersediaan Kamar Rumah Sakit Untuk Pasien Covid-19 di Belitung Timur', '20', 'link', 'https://covid19.beltim.go.id/', 1);"
dinkes;13895;utama;serta merta;Peta Sebaran Covid-19 di Belitung Timur;20;link;https://covid19.beltim.go.id/;#REF!;"INSERT INTO public_informations (opd_name, id_org, kelompok, category, title, id_kel, file_type, link_url, is_active) VALUES ('dinkes', '13895', 'utama', 'serta merta', 'Peta Sebaran Covid-19 di Belitung Timur', '20', 'link', 'https://covid19.beltim.go.id/', 1);"
Bag. Hukum;12587;utama;setiap saat;Dokumen Pendukung;23;link;https://jdih.belitungtimurkab.go.id/produk-hukum;#REF!;"INSERT INTO public_informations (opd_name, id_org, kelompok, category, title, id_kel, file_type, link_url, is_active) VALUES ('Bag. Hukum', '12587', 'utama', 'setiap saat', 'Dokumen Pendukung', '23', 'link', 'https://jdih.belitungtimurkab.go.id/produk-hukum', 1);"
Bag. Hukum;12587;utama;setiap saat;masukan-Masukan dari berbagai pihak atas peraturan, keputusan atau kebijakan yang dibentuk;23;link;https://jdih.belitungtimurkab.go.id/produk-hukum;#REF!;"INSERT INTO public_informations (opd_name, id_org, kelompok, category, title, id_kel, file_type, link_url, is_active) VALUES ('Bag. Hukum', '12587', 'utama', 'setiap saat', 'masukan-Masukan dari berbagai pihak atas peraturan, keputusan atau kebijakan yang dibentuk', '23', 'link', 'https://jdih.belitungtimurkab.go.id/produk-hukum', 1);"
Bag. Hukum;12587;utama;setiap saat;Rancangan Peraturan, Keputusan atau kebijakan yag dibentuk;23;link;https://jdih.belitungtimurkab.go.id/produk-hukum;#REF!;"INSERT INTO public_informations (opd_name, id_org, kelompok, category, title, id_kel, file_type, link_url, is_active) VALUES ('Bag. Hukum', '12587', 'utama', 'setiap saat', 'Rancangan Peraturan, Keputusan atau kebijakan yag dibentuk', '23', 'link', 'https://jdih.belitungtimurkab.go.id/produk-hukum', 1);"
Bag. Hukum;12587;utama;setiap saat;tahap perumusan peraturan, keputusan atau kebijakan yang dibentuk;23;link;https://jdih.belitungtimurkab.go.id/produk-hukum;#REF!;"INSERT INTO public_informations (opd_name, id_org, kelompok, category, title, id_kel, file_type, link_url, is_active) VALUES ('Bag. Hukum', '12587', 'utama', 'setiap saat', 'tahap perumusan peraturan, keputusan atau kebijakan yang dibentuk', '23', 'link', 'https://jdih.belitungtimurkab.go.id/produk-hukum', 1);"
Bag. Hukum;12587;utama;setiap saat;peraturan, keputusan dan/atau kebijakan yang telah diterbitkan;23;link;https://jdih.belitungtimurkab.go.id/produk-hukum;#REF!;"INSERT INTO public_informations (opd_name, id_org, kelompok, category, title, id_kel, file_type, link_url, is_active) VALUES ('Bag. Hukum', '12587', 'utama', 'setiap saat', 'peraturan, keputusan dan/atau kebijakan yang telah diterbitkan', '23', 'link', 'https://jdih.belitungtimurkab.go.id/produk-hukum', 1);"
Bag. Organisasi, bkpsdm, bakueda;#REF!;utama;setiap saat;Pedoman Pengelolaan organisasi, adimistrasi, personil dan keuangan;24;link;https://jdih.belitungtimurkab.go.id/produk-hukum;#REF!;#REF!
bkpsdm;18915;utama;setiap saat;Propil Lengkap pimpinan dan pegawai;24;link;https://bkpsdm.beltim.go.id/;#REF!;"INSERT INTO public_informations (opd_name, id_org, kelompok, category, title, id_kel, file_type, link_url, is_active) VALUES ('bkpsdm', '18915', 'utama', 'setiap saat', 'Propil Lengkap pimpinan dan pegawai', '24', 'link', 'https://bkpsdm.beltim.go.id/', 1);"
bakueda;112106;utama;setiap saat;Anggaran Badan Publik secara umum maupun anggaran secara khusus unit pelaksana;24;link;https://portal.beltim.go.id/trawang/;#REF!;"INSERT INTO public_informations (opd_name, id_org, kelompok, category, title, id_kel, file_type, link_url, is_active) VALUES ('bakueda', '112106', 'utama', 'setiap saat', 'Anggaran Badan Publik secara umum maupun anggaran secara khusus unit pelaksana', '24', 'link', 'https://portal.beltim.go.id/trawang/', 1);"
bakueda;112106;utama;setiap saat;Teknis Serta Laporan Keuangannya;24;link;https://portal.beltim.go.id/trawang/;#REF!;"INSERT INTO public_informations (opd_name, id_org, kelompok, category, title, id_kel, file_type, link_url, is_active) VALUES ('bakueda', '112106', 'utama', 'setiap saat', 'Teknis Serta Laporan Keuangannya', '24', 'link', 'https://portal.beltim.go.id/trawang/', 1);"
diskominfo dan Masing-Masing OPD;#REF!;utama;setiap saat;data statistik yang dibuat dan dikelola oleh badan publik;24;link;https://bkpsdm.beltim.go.id/;#REF!;#REF!
bappelitbangda;511211;utama;setiap saat;Rencana Kerja Pemerintah Kabupaten Belitung Timur;29;link;https://portal.beltim.go.id/trawang/;#REF!;"INSERT INTO public_informations (opd_name, id_org, kelompok, category, title, id_kel, file_type, link_url, is_active) VALUES ('bappelitbangda', '511211', 'utama', 'setiap saat', 'Rencana Kerja Pemerintah Kabupaten Belitung Timur', '29', 'link', 'https://portal.beltim.go.id/trawang/', 1);"
bappelitbangda;511211;pembantu;berkala;Gambaran Umum ;NULL;NULL;NULL;#REF!;"INSERT INTO public_informations (opd_name, id_org, kelompok, category, title, id_kel, file_type, link_url, is_active) VALUES ('bappelitbangda', '511211', 'pembantu', 'berkala', 'Gambaran Umum ', 'NULL', 'NULL', 'NULL', 1);"
bappelitbangda ;511211;pembantu;berkala;Kedudukan Domisili ;NULL;NULL;NULL;#REF!;"INSERT INTO public_informations (opd_name, id_org, kelompok, category, title, id_kel, file_type, link_url, is_active) VALUES ('bappelitbangda ', '511211', 'pembantu', 'berkala', 'Kedudukan Domisili ', 'NULL', 'NULL', 'NULL', 1);"
bappelitbangda;511211;pembantu;berkala;Struktur Organisasi;NULL;NULL;NULL;#REF!;"INSERT INTO public_informations (opd_name, id_org, kelompok, category, title, id_kel, file_type, link_url, is_active) VALUES ('bappelitbangda', '511211', 'pembantu', 'berkala', 'Struktur Organisasi', 'NULL', 'NULL', 'NULL', 1);"
bappelitbangda ;511211;pembantu;berkala;Tugas Pokok dan Fungsi;NULL;NULL;NULL;#REF!;"INSERT INTO public_informations (opd_name, id_org, kelompok, category, title, id_kel, file_type, link_url, is_active) VALUES ('bappelitbangda ', '511211', 'pembantu', 'berkala', 'Tugas Pokok dan Fungsi', 'NULL', 'NULL', 'NULL', 1);"
bappelitbangda;511211;pembantu;berkala;Laporan Kinerja Tahun 2021;NULL;NULL;NULL;#REF!;"INSERT INTO public_informations (opd_name, id_org, kelompok, category, title, id_kel, file_type, link_url, is_active) VALUES ('bappelitbangda', '511211', 'pembantu', 'berkala', 'Laporan Kinerja Tahun 2021', 'NULL', 'NULL', 'NULL', 1);"
bappelitbangda ;511211;pembantu;setiap saat;Renstra Tahun 2021-2026;NULL;NULL;NULL;#REF!;"INSERT INTO public_informations (opd_name, id_org, kelompok, category, title, id_kel, file_type, link_url, is_active) VALUES ('bappelitbangda ', '511211', 'pembantu', 'setiap saat', 'Renstra Tahun 2021-2026', 'NULL', 'NULL', 'NULL', 1);"
bappelitbangda;511211;pembantu;setiap saat;Renja Tahun 2022;NULL;NULL;NULL;#REF!;"INSERT INTO public_informations (opd_name, id_org, kelompok, category, title, id_kel, file_type, link_url, is_active) VALUES ('bappelitbangda', '511211', 'pembantu', 'setiap saat', 'Renja Tahun 2022', 'NULL', 'NULL', 'NULL', 1);"
bappelitbangda ;511211;pembantu;setiap saat;LRA Tahun 2022;NULL;NULL;NULL;#REF!;"INSERT INTO public_informations (opd_name, id_org, kelompok, category, title, id_kel, file_type, link_url, is_active) VALUES ('bappelitbangda ', '511211', 'pembantu', 'setiap saat', 'LRA Tahun 2022', 'NULL', 'NULL', 'NULL', 1);"
bappelitbangda;511211;pembantu;setiap saat;Program Kerja dan Kegiatan Tahun 2022;NULL;NULL;NULL;#REF!;"INSERT INTO public_informations (opd_name, id_org, kelompok, category, title, id_kel, file_type, link_url, is_active) VALUES ('bappelitbangda', '511211', 'pembantu', 'setiap saat', 'Program Kerja dan Kegiatan Tahun 2022', 'NULL', 'NULL', 'NULL', 1);"
bappelitbangda;511211;pembantu;setiap saat;Data Perbendaharaan/Inventaris Tahun 2022;NULL;NULL;NULL;#REF!;"INSERT INTO public_informations (opd_name, id_org, kelompok, category, title, id_kel, file_type, link_url, is_active) VALUES ('bappelitbangda', '511211', 'pembantu', 'setiap saat', 'Data Perbendaharaan/Inventaris Tahun 2022', 'NULL', 'NULL', 'NULL', 1);"
dispus;12334;pembantu;berkala;Gambaran Umum ;NULL;NULL;NULL;#REF!;"INSERT INTO public_informations (opd_name, id_org, kelompok, category, title, id_kel, file_type, link_url, is_active) VALUES ('dispus', '12334', 'pembantu', 'berkala', 'Gambaran Umum ', 'NULL', 'NULL', 'NULL', 1);"
dispus;12334;pembantu;berkala;Kedudukan Domisili ;NULL;NULL;NULL;#REF!;"INSERT INTO public_informations (opd_name, id_org, kelompok, category, title, id_kel, file_type, link_url, is_active) VALUES ('dispus', '12334', 'pembantu', 'berkala', 'Kedudukan Domisili ', 'NULL', 'NULL', 'NULL', 1);"
dispus;12334;pembantu;berkala;Struktur Organisasi;NULL;NULL;NULL;#REF!;"INSERT INTO public_informations (opd_name, id_org, kelompok, category, title, id_kel, file_type, link_url, is_active) VALUES ('dispus', '12334', 'pembantu', 'berkala', 'Struktur Organisasi', 'NULL', 'NULL', 'NULL', 1);"
dispus;12334;pembantu;berkala;Tugas Pokok dan Fungsi;NULL;NULL;NULL;#REF!;"INSERT INTO public_informations (opd_name, id_org, kelompok, category, title, id_kel, file_type, link_url, is_active) VALUES ('dispus', '12334', 'pembantu', 'berkala', 'Tugas Pokok dan Fungsi', 'NULL', 'NULL', 'NULL', 1);"
dispus;12334;pembantu;berkala;Laporan Kinerja Tahun 2021;NULL;NULL;NULL;#REF!;"INSERT INTO public_informations (opd_name, id_org, kelompok, category, title, id_kel, file_type, link_url, is_active) VALUES ('dispus', '12334', 'pembantu', 'berkala', 'Laporan Kinerja Tahun 2021', 'NULL', 'NULL', 'NULL', 1);"
dispus;12334;pembantu;setiap saat;Renstra Tahun 2021-2026;NULL;NULL;NULL;#REF!;"INSERT INTO public_informations (opd_name, id_org, kelompok, category, title, id_kel, file_type, link_url, is_active) VALUES ('dispus', '12334', 'pembantu', 'setiap saat', 'Renstra Tahun 2021-2026', 'NULL', 'NULL', 'NULL', 1);"
dispus;12334;pembantu;setiap saat;Renja Tahun 2022;NULL;NULL;NULL;#REF!;"INSERT INTO public_informations (opd_name, id_org, kelompok, category, title, id_kel, file_type, link_url, is_active) VALUES ('dispus', '12334', 'pembantu', 'setiap saat', 'Renja Tahun 2022', 'NULL', 'NULL', 'NULL', 1);"
dispus;12334;pembantu;setiap saat;LRA Tahun 2022;NULL;NULL;NULL;#REF!;"INSERT INTO public_informations (opd_name, id_org, kelompok, category, title, id_kel, file_type, link_url, is_active) VALUES ('dispus', '12334', 'pembantu', 'setiap saat', 'LRA Tahun 2022', 'NULL', 'NULL', 'NULL', 1);"
dispus;12334;pembantu;setiap saat;Program Kerja dan Kegiatan Tahun 2022;NULL;NULL;NULL;#REF!;"INSERT INTO public_informations (opd_name, id_org, kelompok, category, title, id_kel, file_type, link_url, is_active) VALUES ('dispus', '12334', 'pembantu', 'setiap saat', 'Program Kerja dan Kegiatan Tahun 2022', 'NULL', 'NULL', 'NULL', 1);"
dispus;12334;pembantu;setiap saat;Data Perbendaharaan/Inventaris Tahun 2022;NULL;NULL;NULL;#REF!;"INSERT INTO public_informations (opd_name, id_org, kelompok, category, title, id_kel, file_type, link_url, is_active) VALUES ('dispus', '12334', 'pembantu', 'setiap saat', 'Data Perbendaharaan/Inventaris Tahun 2022', 'NULL', 'NULL', 'NULL', 1);"
dukcapil;17801;pembantu;berkala;Gambaran Umum ;NULL;NULL;NULL;#REF!;"INSERT INTO public_informations (opd_name, id_org, kelompok, category, title, id_kel, file_type, link_url, is_active) VALUES ('dukcapil', '17801', 'pembantu', 'berkala', 'Gambaran Umum ', 'NULL', 'NULL', 'NULL', 1);"
dukcapil;17801;pembantu;berkala;Kedudukan Domisili ;NULL;NULL;NULL;#REF!;"INSERT INTO public_informations (opd_name, id_org, kelompok, category, title, id_kel, file_type, link_url, is_active) VALUES ('dukcapil', '17801', 'pembantu', 'berkala', 'Kedudukan Domisili ', 'NULL', 'NULL', 'NULL', 1);"
dukcapil;17801;pembantu;berkala;Struktur Organisasi;NULL;NULL;NULL;#REF!;"INSERT INTO public_informations (opd_name, id_org, kelompok, category, title, id_kel, file_type, link_url, is_active) VALUES ('dukcapil', '17801', 'pembantu', 'berkala', 'Struktur Organisasi', 'NULL', 'NULL', 'NULL', 1);"
dukcapil;17801;pembantu;berkala;Tugas Pokok dan Fungsi;NULL;NULL;NULL;#REF!;"INSERT INTO public_informations (opd_name, id_org, kelompok, category, title, id_kel, file_type, link_url, is_active) VALUES ('dukcapil', '17801', 'pembantu', 'berkala', 'Tugas Pokok dan Fungsi', 'NULL', 'NULL', 'NULL', 1);"
dukcapil;17801;pembantu;berkala;Laporan Kinerja Tahun 2021;NULL;NULL;NULL;#REF!;"INSERT INTO public_informations (opd_name, id_org, kelompok, category, title, id_kel, file_type, link_url, is_active) VALUES ('dukcapil', '17801', 'pembantu', 'berkala', 'Laporan Kinerja Tahun 2021', 'NULL', 'NULL', 'NULL', 1);"
dukcapil;17801;pembantu;setiap saat;Renstra Tahun 2021-2026;NULL;NULL;NULL;#REF!;"INSERT INTO public_informations (opd_name, id_org, kelompok, category, title, id_kel, file_type, link_url, is_active) VALUES ('dukcapil', '17801', 'pembantu', 'setiap saat', 'Renstra Tahun 2021-2026', 'NULL', 'NULL', 'NULL', 1);"
dukcapil;17801;pembantu;setiap saat;Renja Tahun 2022;NULL;NULL;NULL;#REF!;"INSERT INTO public_informations (opd_name, id_org, kelompok, category, title, id_kel, file_type, link_url, is_active) VALUES ('dukcapil', '17801', 'pembantu', 'setiap saat', 'Renja Tahun 2022', 'NULL', 'NULL', 'NULL', 1);"
dukcapil;17801;pembantu;setiap saat;LRA Tahun 2022;NULL;NULL;NULL;#REF!;"INSERT INTO public_informations (opd_name, id_org, kelompok, category, title, id_kel, file_type, link_url, is_active) VALUES ('dukcapil', '17801', 'pembantu', 'setiap saat', 'LRA Tahun 2022', 'NULL', 'NULL', 'NULL', 1);"
dukcapil;17801;pembantu;setiap saat;Program Kerja dan Kegiatan Tahun 2022;NULL;NULL;NULL;#REF!;"INSERT INTO public_informations (opd_name, id_org, kelompok, category, title, id_kel, file_type, link_url, is_active) VALUES ('dukcapil', '17801', 'pembantu', 'setiap saat', 'Program Kerja dan Kegiatan Tahun 2022', 'NULL', 'NULL', 'NULL', 1);"
dukcapil;17801;pembantu;setiap saat;Data Perbendaharaan/Inventaris Tahun 2022;NULL;NULL;NULL;#REF!;"INSERT INTO public_informations (opd_name, id_org, kelompok, category, title, id_kel, file_type, link_url, is_active) VALUES ('dukcapil', '17801', 'pembantu', 'setiap saat', 'Data Perbendaharaan/Inventaris Tahun 2022', 'NULL', 'NULL', 'NULL', 1);"
dpmptsp;16007;pembantu;berkala;Gambaran Umum ;NULL;NULL;NULL;#REF!;"INSERT INTO public_informations (opd_name, id_org, kelompok, category, title, id_kel, file_type, link_url, is_active) VALUES ('dpmptsp', '16007', 'pembantu', 'berkala', 'Gambaran Umum ', 'NULL', 'NULL', 'NULL', 1);"
dpmptsp;16007;pembantu;berkala;Kedudukan Domisili ;NULL;NULL;NULL;#REF!;"INSERT INTO public_informations (opd_name, id_org, kelompok, category, title, id_kel, file_type, link_url, is_active) VALUES ('dpmptsp', '16007', 'pembantu', 'berkala', 'Kedudukan Domisili ', 'NULL', 'NULL', 'NULL', 1);"
dpmptsp;16007;pembantu;berkala;Struktur Organisasi;NULL;NULL;NULL;#REF!;"INSERT INTO public_informations (opd_name, id_org, kelompok, category, title, id_kel, file_type, link_url, is_active) VALUES ('dpmptsp', '16007', 'pembantu', 'berkala', 'Struktur Organisasi', 'NULL', 'NULL', 'NULL', 1);"
dpmptsp;16007;pembantu;berkala;Tugas Pokok dan Fungsi;NULL;NULL;NULL;#REF!;"INSERT INTO public_informations (opd_name, id_org, kelompok, category, title, id_kel, file_type, link_url, is_active) VALUES ('dpmptsp', '16007', 'pembantu', 'berkala', 'Tugas Pokok dan Fungsi', 'NULL', 'NULL', 'NULL', 1);"
dpmptsp;16007;pembantu;berkala;Laporan Kinerja Tahun 2021;NULL;NULL;NULL;#REF!;"INSERT INTO public_informations (opd_name, id_org, kelompok, category, title, id_kel, file_type, link_url, is_active) VALUES ('dpmptsp', '16007', 'pembantu', 'berkala', 'Laporan Kinerja Tahun 2021', 'NULL', 'NULL', 'NULL', 1);"
dpmptsp;16007;pembantu;setiap saat;Renstra Tahun 2021-2026;NULL;NULL;NULL;#REF!;"INSERT INTO public_informations (opd_name, id_org, kelompok, category, title, id_kel, file_type, link_url, is_active) VALUES ('dpmptsp', '16007', 'pembantu', 'setiap saat', 'Renstra Tahun 2021-2026', 'NULL', 'NULL', 'NULL', 1);"
dpmptsp;16007;pembantu;setiap saat;Renja Tahun 2022;NULL;NULL;NULL;#REF!;"INSERT INTO public_informations (opd_name, id_org, kelompok, category, title, id_kel, file_type, link_url, is_active) VALUES ('dpmptsp', '16007', 'pembantu', 'setiap saat', 'Renja Tahun 2022', 'NULL', 'NULL', 'NULL', 1);"
dpmptsp;16007;pembantu;setiap saat;LRA Tahun 2022;NULL;NULL;NULL;#REF!;"INSERT INTO public_informations (opd_name, id_org, kelompok, category, title, id_kel, file_type, link_url, is_active) VALUES ('dpmptsp', '16007', 'pembantu', 'setiap saat', 'LRA Tahun 2022', 'NULL', 'NULL', 'NULL', 1);"
dpmptsp;16007;pembantu;setiap saat;Program Kerja dan Kegiatan Tahun 2022;NULL;NULL;NULL;#REF!;"INSERT INTO public_informations (opd_name, id_org, kelompok, category, title, id_kel, file_type, link_url, is_active) VALUES ('dpmptsp', '16007', 'pembantu', 'setiap saat', 'Program Kerja dan Kegiatan Tahun 2022', 'NULL', 'NULL', 'NULL', 1);"
dpmptsp;16007;pembantu;setiap saat;Data Perbendaharaan/Inventaris Tahun 2022;NULL;NULL;NULL;#REF!;"INSERT INTO public_informations (opd_name, id_org, kelompok, category, title, id_kel, file_type, link_url, is_active) VALUES ('dpmptsp', '16007', 'pembantu', 'setiap saat', 'Data Perbendaharaan/Inventaris Tahun 2022', 'NULL', 'NULL', 'NULL', 1);"
;;;;;;;;;"INSERT INTO public_informations (opd_name, id_org, kelompok, category, title, id_kel, file_type, link_url, is_active) VALUES ('', '', '', '', '', '', '', '', 1);"
bappelitbangda;511211;pembantu;berkala;Gambaran Umum ;NULL;link;https://bappelitbangda.beltim.go.id/profil/;(511211, 'pembantu', 'berkala', 'Gambaran Umum ', NULL, 'link', 'https://bappelitbangda.beltim.go.id/profil/', 1),;"INSERT INTO public_informations (opd_name, id_org, kelompok, category, title, id_kel, file_type, link_url, is_active) VALUES ('bappelitbangda', '511211', 'pembantu', 'berkala', 'Gambaran Umum ', 'NULL', 'link', 'https://bappelitbangda.beltim.go.id/profil/', 1);"
;511211;pembantu;berkala;Kedudukan Domisili ;NULL;link;https://bappelitbangda.beltim.go.id/profil/;(511211, 'pembantu', 'berkala', 'Kedudukan Domisili ', NULL, 'link', 'https://bappelitbangda.beltim.go.id/profil/', 1),;"INSERT INTO public_informations (opd_name, id_org, kelompok, category, title, id_kel, file_type, link_url, is_active) VALUES ('', '511211', 'pembantu', 'berkala', 'Kedudukan Domisili ', 'NULL', 'link', 'https://bappelitbangda.beltim.go.id/profil/', 1);"
;511211;pembantu;berkala;Struktur Organisasi;NULL;link;https://drive.google.com/file/d/15ybDjTx511H1iD87O-s5CfuwL6CI4NpQ/view?usp=share_link;(511211, 'pembantu', 'berkala', 'Struktur Organisasi', NULL, 'link', 'https://drive.google.com/file/d/15ybDjTx511H1iD87O-s5CfuwL6CI4NpQ/view?usp=share_link', 1),;"INSERT INTO public_informations (opd_name, id_org, kelompok, category, title, id_kel, file_type, link_url, is_active) VALUES ('', '511211', 'pembantu', 'berkala', 'Struktur Organisasi', 'NULL', 'link', 'https://drive.google.com/file/d/15ybDjTx511H1iD87O-s5CfuwL6CI4NpQ/view?usp=share_link', 1);"
;511211;pembantu;berkala;Tugas Pokok dan Fungsi;NULL;link;https://drive.google.com/file/d/15ybDjTx511H1iD87O-s5CfuwL6CI4NpQ/view?usp=share_link;(511211, 'pembantu', 'berkala', 'Tugas Pokok dan Fungsi', NULL, 'link', 'https://drive.google.com/file/d/15ybDjTx511H1iD87O-s5CfuwL6CI4NpQ/view?usp=share_link', 1),;"INSERT INTO public_informations (opd_name, id_org, kelompok, category, title, id_kel, file_type, link_url, is_active) VALUES ('', '511211', 'pembantu', 'berkala', 'Tugas Pokok dan Fungsi', 'NULL', 'link', 'https://drive.google.com/file/d/15ybDjTx511H1iD87O-s5CfuwL6CI4NpQ/view?usp=share_link', 1);"
;511211;pembantu;berkala;Laporan Kinerja Tahun 2021;NULL;link;https://drive.google.com/file/d/178hR7wQo97Sy_ec8JoEnIP5nPQ7w6fa3/view?usp=share_link;(511211, 'pembantu', 'berkala', 'Laporan Kinerja Tahun 2021', NULL, 'link', 'https://drive.google.com/file/d/178hR7wQo97Sy_ec8JoEnIP5nPQ7w6fa3/view?usp=share_link', 1),;"INSERT INTO public_informations (opd_name, id_org, kelompok, category, title, id_kel, file_type, link_url, is_active) VALUES ('', '511211', 'pembantu', 'berkala', 'Laporan Kinerja Tahun 2021', 'NULL', 'link', 'https://drive.google.com/file/d/178hR7wQo97Sy_ec8JoEnIP5nPQ7w6fa3/view?usp=share_link', 1);"
;511211;pembantu;setiap saat;Renstra Tahun 2021-2026;NULL;link;https://drive.google.com/file/d/1zbui7CnaJPkQcVqjlTDucGIwy3Qb4p-J/view?usp=share_link;(511211, 'pembantu', 'setiap saat', 'Renstra Tahun 2021-2026', NULL, 'link', 'https://drive.google.com/file/d/1zbui7CnaJPkQcVqjlTDucGIwy3Qb4p-J/view?usp=share_link', 1),;"INSERT INTO public_informations (opd_name, id_org, kelompok, category, title, id_kel, file_type, link_url, is_active) VALUES ('', '511211', 'pembantu', 'setiap saat', 'Renstra Tahun 2021-2026', 'NULL', 'link', 'https://drive.google.com/file/d/1zbui7CnaJPkQcVqjlTDucGIwy3Qb4p-J/view?usp=share_link', 1);"
;511211;pembantu;setiap saat;Renja Tahun 2022;NULL;link;https://drive.google.com/file/d/1kz491sH3A-a2SO2AsMcK7W3ie6NRHslb/view?usp=share_link;(511211, 'pembantu', 'setiap saat', 'Renja Tahun 2022', NULL, 'link', 'https://drive.google.com/file/d/1kz491sH3A-a2SO2AsMcK7W3ie6NRHslb/view?usp=share_link', 1),;"INSERT INTO public_informations (opd_name, id_org, kelompok, category, title, id_kel, file_type, link_url, is_active) VALUES ('', '511211', 'pembantu', 'setiap saat', 'Renja Tahun 2022', 'NULL', 'link', 'https://drive.google.com/file/d/1kz491sH3A-a2SO2AsMcK7W3ie6NRHslb/view?usp=share_link', 1);"
;511211;pembantu;setiap saat;LRA Tahun 2022;NULL;link;https://drive.google.com/file/d/1D2IxpM1aX9fmLHffkMu9SLEQlU1xkVnR/view?usp=share_link;(511211, 'pembantu', 'setiap saat', 'LRA Tahun 2022', NULL, 'link', 'https://drive.google.com/file/d/1D2IxpM1aX9fmLHffkMu9SLEQlU1xkVnR/view?usp=share_link', 1),;"INSERT INTO public_informations (opd_name, id_org, kelompok, category, title, id_kel, file_type, link_url, is_active) VALUES ('', '511211', 'pembantu', 'setiap saat', 'LRA Tahun 2022', 'NULL', 'link', 'https://drive.google.com/file/d/1D2IxpM1aX9fmLHffkMu9SLEQlU1xkVnR/view?usp=share_link', 1);"
;511211;pembantu;setiap saat;Program Kerja dan Kegiatan Tahun 2022;NULL;link;https://docs.google.com/spreadsheets/d/1xkmXCZ_ogX214EsRpetZf4Auf5D92VGr/edit?usp=share_link&ouid=108585010441990317765&rtpof=true&sd=true;(511211, 'pembantu', 'setiap saat', 'Program Kerja dan Kegiatan Tahun 2022', NULL, 'link', 'https://docs.google.com/spreadsheets/d/1xkmXCZ_ogX214EsRpetZf4Auf5D92VGr/edit?usp=share_link&ouid=108585010441990317765&rtpof=true&sd=true', 1),;"INSERT INTO public_informations (opd_name, id_org, kelompok, category, title, id_kel, file_type, link_url, is_active) VALUES ('', '511211', 'pembantu', 'setiap saat', 'Program Kerja dan Kegiatan Tahun 2022', 'NULL', 'link', 'https://docs.google.com/spreadsheets/d/1xkmXCZ_ogX214EsRpetZf4Auf5D92VGr/edit?usp=share_link&ouid=108585010441990317765&rtpof=true&sd=true', 1);"
;511211;pembantu;setiap saat;Data Perbendaharaan/Inventaris Tahun 2022;NULL;link;https://drive.google.com/file/d/1FNOyietvm15BLdh8jW6ki4gsILKbmn8Q/view?usp=share_link;(511211, 'pembantu', 'setiap saat', 'Data Perbendaharaan/Inventaris Tahun 2022', NULL, 'link', 'https://drive.google.com/file/d/1FNOyietvm15BLdh8jW6ki4gsILKbmn8Q/view?usp=share_link', 1),;"INSERT INTO public_informations (opd_name, id_org, kelompok, category, title, id_kel, file_type, link_url, is_active) VALUES ('', '511211', 'pembantu', 'setiap saat', 'Data Perbendaharaan/Inventaris Tahun 2022', 'NULL', 'link', 'https://drive.google.com/file/d/1FNOyietvm15BLdh8jW6ki4gsILKbmn8Q/view?usp=share_link', 1);"
dispus;12334;pembantu;berkala;Gambaran Umum ;NULL;link;https://drive.google.com/file/d/1ND1GCQoMpIM7iItmTn99j3FkFE2Enzdm/view?usp=share_link;(12334, 'pembantu', 'berkala', 'Gambaran Umum ', NULL, 'link', 'https://drive.google.com/file/d/1ND1GCQoMpIM7iItmTn99j3FkFE2Enzdm/view?usp=share_link', 1),;"INSERT INTO public_informations (opd_name, id_org, kelompok, category, title, id_kel, file_type, link_url, is_active) VALUES ('dispus', '12334', 'pembantu', 'berkala', 'Gambaran Umum ', 'NULL', 'link', 'https://drive.google.com/file/d/1ND1GCQoMpIM7iItmTn99j3FkFE2Enzdm/view?usp=share_link', 1);"
;12334;pembantu;berkala;Kedudukan Domisili ;NULL;link;https://drive.google.com/file/d/1_00hcPN_osKXuVh5lGCarRapbhC49jno/view?usp=sharing;(12334, 'pembantu', 'berkala', 'Kedudukan Domisili ', NULL, 'link', 'https://drive.google.com/file/d/1_00hcPN_osKXuVh5lGCarRapbhC49jno/view?usp=sharing', 1),;"INSERT INTO public_informations (opd_name, id_org, kelompok, category, title, id_kel, file_type, link_url, is_active) VALUES ('', '12334', 'pembantu', 'berkala', 'Kedudukan Domisili ', 'NULL', 'link', 'https://drive.google.com/file/d/1_00hcPN_osKXuVh5lGCarRapbhC49jno/view?usp=sharing', 1);"
;12334;pembantu;berkala;Struktur Organisasi;NULL;link;https://drive.google.com/file/d/1YEZXzaQNe0zw1YaLETmQCCDqLVgcemQs/view?usp=sharing;(12334, 'pembantu', 'berkala', 'Struktur Organisasi', NULL, 'link', 'https://drive.google.com/file/d/1YEZXzaQNe0zw1YaLETmQCCDqLVgcemQs/view?usp=sharing', 1),;"INSERT INTO public_informations (opd_name, id_org, kelompok, category, title, id_kel, file_type, link_url, is_active) VALUES ('', '12334', 'pembantu', 'berkala', 'Struktur Organisasi', 'NULL', 'link', 'https://drive.google.com/file/d/1YEZXzaQNe0zw1YaLETmQCCDqLVgcemQs/view?usp=sharing', 1);"
;12334;pembantu;berkala;Tugas Pokok dan Fungsi;NULL;link;https://drive.google.com/file/d/1Njb64F9uW0nW8a_tZ71d1u1cgjqfS-sy/view?usp=sharing;(12334, 'pembantu', 'berkala', 'Tugas Pokok dan Fungsi', NULL, 'link', 'https://drive.google.com/file/d/1Njb64F9uW0nW8a_tZ71d1u1cgjqfS-sy/view?usp=sharing', 1),;"INSERT INTO public_informations (opd_name, id_org, kelompok, category, title, id_kel, file_type, link_url, is_active) VALUES ('', '12334', 'pembantu', 'berkala', 'Tugas Pokok dan Fungsi', 'NULL', 'link', 'https://drive.google.com/file/d/1Njb64F9uW0nW8a_tZ71d1u1cgjqfS-sy/view?usp=sharing', 1);"
;12334;pembantu;berkala;Laporan Kinerja Tahun 2021;NULL;link;https://drive.google.com/file/d/1l2seaBEHx1LjeKEf4H8_LXDGiF87R6a-/view?usp=sharing;(12334, 'pembantu', 'berkala', 'Laporan Kinerja Tahun 2021', NULL, 'link', 'https://drive.google.com/file/d/1l2seaBEHx1LjeKEf4H8_LXDGiF87R6a-/view?usp=sharing', 1),;"INSERT INTO public_informations (opd_name, id_org, kelompok, category, title, id_kel, file_type, link_url, is_active) VALUES ('', '12334', 'pembantu', 'berkala', 'Laporan Kinerja Tahun 2021', 'NULL', 'link', 'https://drive.google.com/file/d/1l2seaBEHx1LjeKEf4H8_LXDGiF87R6a-/view?usp=sharing', 1);"
;12334;pembantu;setiap saat;Renstra Tahun 2021-2026;NULL;link;https://drive.google.com/file/d/1x0yUc6hxItzWLK0stSR2fpOk0lYkHPrH/view?usp=sharing;(12334, 'pembantu', 'setiap saat', 'Renstra Tahun 2021-2026', NULL, 'link', 'https://drive.google.com/file/d/1x0yUc6hxItzWLK0stSR2fpOk0lYkHPrH/view?usp=sharing', 1),;"INSERT INTO public_informations (opd_name, id_org, kelompok, category, title, id_kel, file_type, link_url, is_active) VALUES ('', '12334', 'pembantu', 'setiap saat', 'Renstra Tahun 2021-2026', 'NULL', 'link', 'https://drive.google.com/file/d/1x0yUc6hxItzWLK0stSR2fpOk0lYkHPrH/view?usp=sharing', 1);"
;12334;pembantu;setiap saat;Renja Tahun 2022;NULL;link;https://drive.google.com/file/d/1CEW8Nit-t-5EwzJCQFSHU3lYY2yXI1V_/view?usp=sharing;(12334, 'pembantu', 'setiap saat', 'Renja Tahun 2022', NULL, 'link', 'https://drive.google.com/file/d/1CEW8Nit-t-5EwzJCQFSHU3lYY2yXI1V_/view?usp=sharing', 1),;"INSERT INTO public_informations (opd_name, id_org, kelompok, category, title, id_kel, file_type, link_url, is_active) VALUES ('', '12334', 'pembantu', 'setiap saat', 'Renja Tahun 2022', 'NULL', 'link', 'https://drive.google.com/file/d/1CEW8Nit-t-5EwzJCQFSHU3lYY2yXI1V_/view?usp=sharing', 1);"
;12334;pembantu;setiap saat;LRA Tahun 2022;NULL;link;https://drive.google.com/file/d/1ZyqpNdhono3cHbgNg9SDmFex9ZNb_TCK/view?usp=sharing;(12334, 'pembantu', 'setiap saat', 'LRA Tahun 2022', NULL, 'link', 'https://drive.google.com/file/d/1ZyqpNdhono3cHbgNg9SDmFex9ZNb_TCK/view?usp=sharing', 1),;"INSERT INTO public_informations (opd_name, id_org, kelompok, category, title, id_kel, file_type, link_url, is_active) VALUES ('', '12334', 'pembantu', 'setiap saat', 'LRA Tahun 2022', 'NULL', 'link', 'https://drive.google.com/file/d/1ZyqpNdhono3cHbgNg9SDmFex9ZNb_TCK/view?usp=sharing', 1);"
;12334;pembantu;setiap saat;Program Kerja dan Kegiatan Tahun 2022;NULL;link;https://drive.google.com/file/d/1iIwOp2trfrIkeA3VlJEodXA1ReTbtP-s/view?usp=sharing;(12334, 'pembantu', 'setiap saat', 'Program Kerja dan Kegiatan Tahun 2022', NULL, 'link', 'https://drive.google.com/file/d/1iIwOp2trfrIkeA3VlJEodXA1ReTbtP-s/view?usp=sharing', 1),;"INSERT INTO public_informations (opd_name, id_org, kelompok, category, title, id_kel, file_type, link_url, is_active) VALUES ('', '12334', 'pembantu', 'setiap saat', 'Program Kerja dan Kegiatan Tahun 2022', 'NULL', 'link', 'https://drive.google.com/file/d/1iIwOp2trfrIkeA3VlJEodXA1ReTbtP-s/view?usp=sharing', 1);"
;12334;pembantu;setiap saat;Data Perbendaharaan/Inventaris Tahun 2022;NULL;link;https://drive.google.com/file/d/1GQmwnka_JP7DFzyCDEYGxNt9TmjAIlE_/view?usp=sharing;(12334, 'pembantu', 'setiap saat', 'Data Perbendaharaan/Inventaris Tahun 2022', NULL, 'link', 'https://drive.google.com/file/d/1GQmwnka_JP7DFzyCDEYGxNt9TmjAIlE_/view?usp=sharing', 1),;"INSERT INTO public_informations (opd_name, id_org, kelompok, category, title, id_kel, file_type, link_url, is_active) VALUES ('', '12334', 'pembantu', 'setiap saat', 'Data Perbendaharaan/Inventaris Tahun 2022', 'NULL', 'link', 'https://drive.google.com/file/d/1GQmwnka_JP7DFzyCDEYGxNt9TmjAIlE_/view?usp=sharing', 1);"
dukcapil;17801;pembantu;berkala;Gambaran Umum ;NULL;link;https://disdukcapil.beltim.go.id/sejarah-instansi/;(17801, 'pembantu', 'berkala', 'Gambaran Umum ', NULL, 'link', 'https://disdukcapil.beltim.go.id/sejarah-instansi/', 1),;"INSERT INTO public_informations (opd_name, id_org, kelompok, category, title, id_kel, file_type, link_url, is_active) VALUES ('dukcapil', '17801', 'pembantu', 'berkala', 'Gambaran Umum ', 'NULL', 'link', 'https://disdukcapil.beltim.go.id/sejarah-instansi/', 1);"
;17801;pembantu;berkala;Kedudukan Domisili ;NULL;link;https://disdukcapil.beltim.go.id/;(17801, 'pembantu', 'berkala', 'Kedudukan Domisili ', NULL, 'link', 'https://disdukcapil.beltim.go.id/', 1),;"INSERT INTO public_informations (opd_name, id_org, kelompok, category, title, id_kel, file_type, link_url, is_active) VALUES ('', '17801', 'pembantu', 'berkala', 'Kedudukan Domisili ', 'NULL', 'link', 'https://disdukcapil.beltim.go.id/', 1);"
;17801;pembantu;berkala;Struktur Organisasi;NULL;link;https://disdukcapil.beltim.go.id/struktur-organisasi/;(17801, 'pembantu', 'berkala', 'Struktur Organisasi', NULL, 'link', 'https://disdukcapil.beltim.go.id/struktur-organisasi/', 1),;"INSERT INTO public_informations (opd_name, id_org, kelompok, category, title, id_kel, file_type, link_url, is_active) VALUES ('', '17801', 'pembantu', 'berkala', 'Struktur Organisasi', 'NULL', 'link', 'https://disdukcapil.beltim.go.id/struktur-organisasi/', 1);"
;17801;pembantu;berkala;Tugas Pokok dan Fungsi;NULL;link;https://disdukcapil.beltim.go.id/struktur-organisasi/;(17801, 'pembantu', 'berkala', 'Tugas Pokok dan Fungsi', NULL, 'link', 'https://disdukcapil.beltim.go.id/struktur-organisasi/', 1),;"INSERT INTO public_informations (opd_name, id_org, kelompok, category, title, id_kel, file_type, link_url, is_active) VALUES ('', '17801', 'pembantu', 'berkala', 'Tugas Pokok dan Fungsi', 'NULL', 'link', 'https://disdukcapil.beltim.go.id/struktur-organisasi/', 1);"
;17801;pembantu;berkala;Laporan Kinerja Tahun 2021;NULL;link;NULL;(17801, 'pembantu', 'berkala', 'Laporan Kinerja Tahun 2021', NULL, 'link', 'NULL', 1),;"INSERT INTO public_informations (opd_name, id_org, kelompok, category, title, id_kel, file_type, link_url, is_active) VALUES ('', '17801', 'pembantu', 'berkala', 'Laporan Kinerja Tahun 2021', 'NULL', 'link', 'NULL', 1);"
;17801;pembantu;setiap saat;Renstra Tahun 2021-2026;NULL;link;https://drive.google.com/file/d/1z7BbK_hlqZGhXnqv5pl5Ts0_r_gU8nAq/view?usp=sharing;(17801, 'pembantu', 'setiap saat', 'Renstra Tahun 2021-2026', NULL, 'link', 'https://drive.google.com/file/d/1z7BbK_hlqZGhXnqv5pl5Ts0_r_gU8nAq/view?usp=sharing', 1),;"INSERT INTO public_informations (opd_name, id_org, kelompok, category, title, id_kel, file_type, link_url, is_active) VALUES ('', '17801', 'pembantu', 'setiap saat', 'Renstra Tahun 2021-2026', 'NULL', 'link', 'https://drive.google.com/file/d/1z7BbK_hlqZGhXnqv5pl5Ts0_r_gU8nAq/view?usp=sharing', 1);"
;17801;pembantu;setiap saat;Renja Tahun 2022;NULL;link;https://drive.google.com/file/d/1X4VRW7qr59ZKsnVN7HRpCwrOtu6NL6gt/view?usp=sharing;(17801, 'pembantu', 'setiap saat', 'Renja Tahun 2022', NULL, 'link', 'https://drive.google.com/file/d/1X4VRW7qr59ZKsnVN7HRpCwrOtu6NL6gt/view?usp=sharing', 1),;"INSERT INTO public_informations (opd_name, id_org, kelompok, category, title, id_kel, file_type, link_url, is_active) VALUES ('', '17801', 'pembantu', 'setiap saat', 'Renja Tahun 2022', 'NULL', 'link', 'https://drive.google.com/file/d/1X4VRW7qr59ZKsnVN7HRpCwrOtu6NL6gt/view?usp=sharing', 1);"
;17801;pembantu;setiap saat;LRA Tahun 2022;NULL;link;NULL;(17801, 'pembantu', 'setiap saat', 'LRA Tahun 2022', NULL, 'link', 'NULL', 1),;"INSERT INTO public_informations (opd_name, id_org, kelompok, category, title, id_kel, file_type, link_url, is_active) VALUES ('', '17801', 'pembantu', 'setiap saat', 'LRA Tahun 2022', 'NULL', 'link', 'NULL', 1);"
;17801;pembantu;setiap saat;Program Kerja dan Kegiatan Tahun 2022;NULL;link;https://drive.google.com/file/d/1YtH2ADT5PtYBGaibjJNXC_TNObtpDbli/view?usp=sharing;(17801, 'pembantu', 'setiap saat', 'Program Kerja dan Kegiatan Tahun 2022', NULL, 'link', 'https://drive.google.com/file/d/1YtH2ADT5PtYBGaibjJNXC_TNObtpDbli/view?usp=sharing', 1),;"INSERT INTO public_informations (opd_name, id_org, kelompok, category, title, id_kel, file_type, link_url, is_active) VALUES ('', '17801', 'pembantu', 'setiap saat', 'Program Kerja dan Kegiatan Tahun 2022', 'NULL', 'link', 'https://drive.google.com/file/d/1YtH2ADT5PtYBGaibjJNXC_TNObtpDbli/view?usp=sharing', 1);"
;17801;pembantu;setiap saat;Data Perbendaharaan/Inventaris Tahun 2022;NULL;link;NULL;(17801, 'pembantu', 'setiap saat', 'Data Perbendaharaan/Inventaris Tahun 2022', NULL, 'link', 'NULL', 1),;"INSERT INTO public_informations (opd_name, id_org, kelompok, category, title, id_kel, file_type, link_url, is_active) VALUES ('', '17801', 'pembantu', 'setiap saat', 'Data Perbendaharaan/Inventaris Tahun 2022', 'NULL', 'link', 'NULL', 1);"
dpmptsp;16007;pembantu;berkala;Gambaran Umum ;NULL;link;https://dpmptsp.beltim.go.id;(16007, 'pembantu', 'berkala', 'Gambaran Umum ', NULL, 'link', 'https://dpmptsp.beltim.go.id', 1),;"INSERT INTO public_informations (opd_name, id_org, kelompok, category, title, id_kel, file_type, link_url, is_active) VALUES ('dpmptsp', '16007', 'pembantu', 'berkala', 'Gambaran Umum ', 'NULL', 'link', 'https://dpmptsp.beltim.go.id', 1);"
;16007;pembantu;berkala;Kedudukan Domisili ;NULL;link;https://dpmptsp.beltim.go.id;(16007, 'pembantu', 'berkala', 'Kedudukan Domisili ', NULL, 'link', 'https://dpmptsp.beltim.go.id', 1),;"INSERT INTO public_informations (opd_name, id_org, kelompok, category, title, id_kel, file_type, link_url, is_active) VALUES ('', '16007', 'pembantu', 'berkala', 'Kedudukan Domisili ', 'NULL', 'link', 'https://dpmptsp.beltim.go.id', 1);"
;16007;pembantu;berkala;Struktur Organisasi;NULL;link;https://dpmptsp.beltim.go.id/content/struktur-organisasi;(16007, 'pembantu', 'berkala', 'Struktur Organisasi', NULL, 'link', 'https://dpmptsp.beltim.go.id/content/struktur-organisasi', 1),;"INSERT INTO public_informations (opd_name, id_org, kelompok, category, title, id_kel, file_type, link_url, is_active) VALUES ('', '16007', 'pembantu', 'berkala', 'Struktur Organisasi', 'NULL', 'link', 'https://dpmptsp.beltim.go.id/content/struktur-organisasi', 1);"
;16007;pembantu;berkala;Tugas Pokok dan Fungsi;NULL;link;https://dpmptsp.beltim.go.id/content/struktur-organisasi;(16007, 'pembantu', 'berkala', 'Tugas Pokok dan Fungsi', NULL, 'link', 'https://dpmptsp.beltim.go.id/content/struktur-organisasi', 1),;"INSERT INTO public_informations (opd_name, id_org, kelompok, category, title, id_kel, file_type, link_url, is_active) VALUES ('', '16007', 'pembantu', 'berkala', 'Tugas Pokok dan Fungsi', 'NULL', 'link', 'https://dpmptsp.beltim.go.id/content/struktur-organisasi', 1);"
;16007;pembantu;berkala;Laporan Kinerja Tahun 2021;NULL;link;https://drive.google.com/file/d/1D1Ay7B1KEbvL419pxPNHRORJjfOYmNaO/view?usp=share_link;(16007, 'pembantu', 'berkala', 'Laporan Kinerja Tahun 2021', NULL, 'link', 'https://drive.google.com/file/d/1D1Ay7B1KEbvL419pxPNHRORJjfOYmNaO/view?usp=share_link', 1),;"INSERT INTO public_informations (opd_name, id_org, kelompok, category, title, id_kel, file_type, link_url, is_active) VALUES ('', '16007', 'pembantu', 'berkala', 'Laporan Kinerja Tahun 2021', 'NULL', 'link', 'https://drive.google.com/file/d/1D1Ay7B1KEbvL419pxPNHRORJjfOYmNaO/view?usp=share_link', 1);"
;16007;pembantu;setiap saat;Renstra Tahun 2021-2026;NULL;link;https://drive.google.com/file/d/1QhHrlWqWDYAD2XscsbUsYMx5c-P2B9Pw/view?usp=sharing;(16007, 'pembantu', 'setiap saat', 'Renstra Tahun 2021-2026', NULL, 'link', 'https://drive.google.com/file/d/1QhHrlWqWDYAD2XscsbUsYMx5c-P2B9Pw/view?usp=sharing', 1),;"INSERT INTO public_informations (opd_name, id_org, kelompok, category, title, id_kel, file_type, link_url, is_active) VALUES ('', '16007', 'pembantu', 'setiap saat', 'Renstra Tahun 2021-2026', 'NULL', 'link', 'https://drive.google.com/file/d/1QhHrlWqWDYAD2XscsbUsYMx5c-P2B9Pw/view?usp=sharing', 1);"
;16007;pembantu;setiap saat;Renja Tahun 2022;NULL;link;https://drive.google.com/file/d/132Up3-O8bTIM5kN-jT6wBOjF-D_F01S0/view?usp=sharing;(16007, 'pembantu', 'setiap saat', 'Renja Tahun 2022', NULL, 'link', 'https://drive.google.com/file/d/132Up3-O8bTIM5kN-jT6wBOjF-D_F01S0/view?usp=sharing', 1),;"INSERT INTO public_informations (opd_name, id_org, kelompok, category, title, id_kel, file_type, link_url, is_active) VALUES ('', '16007', 'pembantu', 'setiap saat', 'Renja Tahun 2022', 'NULL', 'link', 'https://drive.google.com/file/d/132Up3-O8bTIM5kN-jT6wBOjF-D_F01S0/view?usp=sharing', 1);"
;16007;pembantu;setiap saat;LRA Tahun 2022;NULL;link;https://drive.google.com/file/d/15a4fIEvrvYTpdoIrySYFnugP6SJL4W5l/view?usp=sharing;(16007, 'pembantu', 'setiap saat', 'LRA Tahun 2022', NULL, 'link', 'https://drive.google.com/file/d/15a4fIEvrvYTpdoIrySYFnugP6SJL4W5l/view?usp=sharing', 1),;"INSERT INTO public_informations (opd_name, id_org, kelompok, category, title, id_kel, file_type, link_url, is_active) VALUES ('', '16007', 'pembantu', 'setiap saat', 'LRA Tahun 2022', 'NULL', 'link', 'https://drive.google.com/file/d/15a4fIEvrvYTpdoIrySYFnugP6SJL4W5l/view?usp=sharing', 1);"
;16007;pembantu;setiap saat;Program Kerja dan Kegiatan Tahun 2022;NULL;link;https://drive.google.com/file/d/10N0bTM6nYRZw1R-C_4ELD2A-vNb2vPu3/view?usp=sharing;(16007, 'pembantu', 'setiap saat', 'Program Kerja dan Kegiatan Tahun 2022', NULL, 'link', 'https://drive.google.com/file/d/10N0bTM6nYRZw1R-C_4ELD2A-vNb2vPu3/view?usp=sharing', 1),;"INSERT INTO public_informations (opd_name, id_org, kelompok, category, title, id_kel, file_type, link_url, is_active) VALUES ('', '16007', 'pembantu', 'setiap saat', 'Program Kerja dan Kegiatan Tahun 2022', 'NULL', 'link', 'https://drive.google.com/file/d/10N0bTM6nYRZw1R-C_4ELD2A-vNb2vPu3/view?usp=sharing', 1);"
;16007;pembantu;setiap saat;Data Perbendaharaan/Inventaris Tahun 2022;NULL;link;https://drive.google.com/file/d/1UOi3YGHCG1UCkuNT7B6tiR-Rd5yQrX9Z/view?usp=sharing;(16007, 'pembantu', 'setiap saat', 'Data Perbendaharaan/Inventaris Tahun 2022', NULL, 'link', 'https://drive.google.com/file/d/1UOi3YGHCG1UCkuNT7B6tiR-Rd5yQrX9Z/view?usp=sharing', 1),;"INSERT INTO public_informations (opd_name, id_org, kelompok, category, title, id_kel, file_type, link_url, is_active) VALUES ('', '16007', 'pembantu', 'setiap saat', 'Data Perbendaharaan/Inventaris Tahun 2022', 'NULL', 'link', 'https://drive.google.com/file/d/1UOi3YGHCG1UCkuNT7B6tiR-Rd5yQrX9Z/view?usp=sharing', 1);"
diskominfo;18915;pembantu;berkala;Gambaran Umum ;NULL;link;https://kominfo.beltim.go.id/berkas/publik;(18915, 'pembantu', 'berkala', 'Gambaran Umum ', NULL, 'link', 'https://kominfo.beltim.go.id/berkas/publik', 1),;"INSERT INTO public_informations (opd_name, id_org, kelompok, category, title, id_kel, file_type, link_url, is_active) VALUES ('diskominfo', '18915', 'pembantu', 'berkala', 'Gambaran Umum ', 'NULL', 'link', 'https://kominfo.beltim.go.id/berkas/publik', 1);"
;18915;pembantu;berkala;Kedudukan Domisili ;NULL;link;https://kominfo.beltim.go.id/berkas/publik;(18915, 'pembantu', 'berkala', 'Kedudukan Domisili ', NULL, 'link', 'https://kominfo.beltim.go.id/berkas/publik', 1),;"INSERT INTO public_informations (opd_name, id_org, kelompok, category, title, id_kel, file_type, link_url, is_active) VALUES ('', '18915', 'pembantu', 'berkala', 'Kedudukan Domisili ', 'NULL', 'link', 'https://kominfo.beltim.go.id/berkas/publik', 1);"
;18915;pembantu;berkala;Struktur Organisasi;NULL;link;https://kominfo.beltim.go.id/berkas/publik;(18915, 'pembantu', 'berkala', 'Struktur Organisasi', NULL, 'link', 'https://kominfo.beltim.go.id/berkas/publik', 1),;"INSERT INTO public_informations (opd_name, id_org, kelompok, category, title, id_kel, file_type, link_url, is_active) VALUES ('', '18915', 'pembantu', 'berkala', 'Struktur Organisasi', 'NULL', 'link', 'https://kominfo.beltim.go.id/berkas/publik', 1);"
;18915;pembantu;berkala;Tugas Pokok dan Fungsi;NULL;link;https://kominfo.beltim.go.id/berkas/publik;(18915, 'pembantu', 'berkala', 'Tugas Pokok dan Fungsi', NULL, 'link', 'https://kominfo.beltim.go.id/berkas/publik', 1),;"INSERT INTO public_informations (opd_name, id_org, kelompok, category, title, id_kel, file_type, link_url, is_active) VALUES ('', '18915', 'pembantu', 'berkala', 'Tugas Pokok dan Fungsi', 'NULL', 'link', 'https://kominfo.beltim.go.id/berkas/publik', 1);"
;18915;pembantu;berkala;Laporan Kinerja Tahun 2021;NULL;link;https://drive.google.com/drive/u/1/folders/1HRGsYTCq-kyCWKlYDSz2rAOFPz1Te4Hb;(18915, 'pembantu', 'berkala', 'Laporan Kinerja Tahun 2021', NULL, 'link', 'https://drive.google.com/drive/u/1/folders/1HRGsYTCq-kyCWKlYDSz2rAOFPz1Te4Hb', 1),;"INSERT INTO public_informations (opd_name, id_org, kelompok, category, title, id_kel, file_type, link_url, is_active) VALUES ('', '18915', 'pembantu', 'berkala', 'Laporan Kinerja Tahun 2021', 'NULL', 'link', 'https://drive.google.com/drive/u/1/folders/1HRGsYTCq-kyCWKlYDSz2rAOFPz1Te4Hb', 1);"
;18915;pembantu;setiap saat;Renstra Tahun 2021-2026;NULL;link;https://drive.google.com/drive/u/1/folders/1vnF4sofwSDYqn9rbTSmPofBdghlPfnVa;(18915, 'pembantu', 'setiap saat', 'Renstra Tahun 2021-2026', NULL, 'link', 'https://drive.google.com/drive/u/1/folders/1vnF4sofwSDYqn9rbTSmPofBdghlPfnVa', 1),;"INSERT INTO public_informations (opd_name, id_org, kelompok, category, title, id_kel, file_type, link_url, is_active) VALUES ('', '18915', 'pembantu', 'setiap saat', 'Renstra Tahun 2021-2026', 'NULL', 'link', 'https://drive.google.com/drive/u/1/folders/1vnF4sofwSDYqn9rbTSmPofBdghlPfnVa', 1);"
;18915;pembantu;setiap saat;Renja Tahun 2022;NULL;link;https://drive.google.com/drive/u/1/folders/1caeSM1LLhpKCSqHt2_e75z_WGk8rpoWC;(18915, 'pembantu', 'setiap saat', 'Renja Tahun 2022', NULL, 'link', 'https://drive.google.com/drive/u/1/folders/1caeSM1LLhpKCSqHt2_e75z_WGk8rpoWC', 1),;"INSERT INTO public_informations (opd_name, id_org, kelompok, category, title, id_kel, file_type, link_url, is_active) VALUES ('', '18915', 'pembantu', 'setiap saat', 'Renja Tahun 2022', 'NULL', 'link', 'https://drive.google.com/drive/u/1/folders/1caeSM1LLhpKCSqHt2_e75z_WGk8rpoWC', 1);"
;18915;pembantu;setiap saat;LRA Tahun 2022;NULL;link;https://drive.google.com/drive/u/1/folders/1TwAErWWItyM0r-c3yMxTr-WZUFWcQ6aG;(18915, 'pembantu', 'setiap saat', 'LRA Tahun 2022', NULL, 'link', 'https://drive.google.com/drive/u/1/folders/1TwAErWWItyM0r-c3yMxTr-WZUFWcQ6aG', 1),;"INSERT INTO public_informations (opd_name, id_org, kelompok, category, title, id_kel, file_type, link_url, is_active) VALUES ('', '18915', 'pembantu', 'setiap saat', 'LRA Tahun 2022', 'NULL', 'link', 'https://drive.google.com/drive/u/1/folders/1TwAErWWItyM0r-c3yMxTr-WZUFWcQ6aG', 1);"
;18915;pembantu;setiap saat;Program Kerja dan Kegiatan Tahun 2022;NULL;link;https://drive.google.com/drive/u/1/folders/1vnF4sofwSDYqn9rbTSmPofBdghlPfnVa;(18915, 'pembantu', 'setiap saat', 'Program Kerja dan Kegiatan Tahun 2022', NULL, 'link', 'https://drive.google.com/drive/u/1/folders/1vnF4sofwSDYqn9rbTSmPofBdghlPfnVa', 1),;"INSERT INTO public_informations (opd_name, id_org, kelompok, category, title, id_kel, file_type, link_url, is_active) VALUES ('', '18915', 'pembantu', 'setiap saat', 'Program Kerja dan Kegiatan Tahun 2022', 'NULL', 'link', 'https://drive.google.com/drive/u/1/folders/1vnF4sofwSDYqn9rbTSmPofBdghlPfnVa', 1);"
;18915;pembantu;setiap saat;Data Perbendaharaan/Inventaris Tahun 2022;NULL;link;https://drive.google.com/drive/u/1/folders/1vnF4sofwSDYqn9rbTSmPofBdghlPfnVa;(18915, 'pembantu', 'setiap saat', 'Data Perbendaharaan/Inventaris Tahun 2022', NULL, 'link', 'https://drive.google.com/drive/u/1/folders/1vnF4sofwSDYqn9rbTSmPofBdghlPfnVa', 1),;"INSERT INTO public_informations (opd_name, id_org, kelompok, category, title, id_kel, file_type, link_url, is_active) VALUES ('', '18915', 'pembantu', 'setiap saat', 'Data Perbendaharaan/Inventaris Tahun 2022', 'NULL', 'link', 'https://drive.google.com/drive/u/1/folders/1vnF4sofwSDYqn9rbTSmPofBdghlPfnVa', 1);"
